250mmStrikeCannons,250mmStrikeCannons,,,,,,,,,,,,,,,,,,,,,,,,,,,,,,Cancel250mmStrikeCannons,
ArchonWarp,ArchonWarpSelection,ArchonWarpTarget,,,,,,,,,,,,,,,,,,,,,,,,,,,,,,
ArmSiloWithNuke,BuildNuke,,,,,,,,,,,,,,,,,,,,,,,,,,,,,,CancelNuke,
ArmoryResearch,,,UpgradeVehiclePlating1,UpgradeVehiclePlating2,UpgradeVehiclePlating3,UpgradeVehicleWeapons1,UpgradeVehicleWeapons2,UpgradeVehicleWeapons3,UpgradeShipPlating1,UpgradeShipPlating2,UpgradeShipPlating3,UpgradeShipWeapons1,UpgradeShipWeapons2,UpgradeShipWeapons3,ResearchTerranVehicleAndShipArmorsLevel1,ResearchTerranVehicleAndShipArmorsLevel2,ResearchTerranVehicleAndShipArmorsLevel3,,,,,,,,,,,,,,CancelArmoryResearch,
AssaultMode,AssaultMode,,,,,,,,,,,,,,,,,,,,,,,,,,,,,,,
AttackRedirect,Attack,,,,,,,,,,,,,,,,,,,,,,,,,,,,,,,
AttackWarpPrism,AttackWarpPrism,,,,,,,,,,,,,,,,,,,,,,,,,,,,,,,
BanelingNestResearch,EvolveCentrifugalHooks,EvolveTunnelingJaws,,,,,,,,,,,,,,,,,,,,,,,,,,,,,CancelBanelingNestResearch,
BansheeCloak,CloakBanshee,DecloakBanshee,,,,,,,,,,,,,,,,,,,,,,,,,,,,,,
BarracksAddOns,TechLabBarracks,ReactorBarracks,,,,,,,,,,,,,,,,,,,,,,,,,,,,,CancelBarracksAddon,
BarracksLand,LandBarracks,,,,,,,,,,,,,,,,,,,,,,,,,,,,,,,
BarracksLiftOff,LiftBarracks,,,,,,,,,,,,,,,,,,,,,,,,,,,,,,,
BarracksReactorMorph,BuildReactorBarracks,,,,,,,,,,,,,,,,,,,,,,,,,,,,,,,
BarracksTechLabMorph,BuildTechLabBarracks,,,,,,,,,,,,,,,,,,,,,,,,,,,,,,,
BarracksTechLabResearch,ResearchStimpack,ResearchCombatShield,ResearchConcussiveShells,ResearchCombatDrugs,,,,,,,,,,,,,,,,,,,,,,,,,,,CancelBarracksTechLabResearch,
BarracksTrain,TrainMarine,TrainReaper,TrainGhost,TrainMarauder,,,,,,,,,,,,,,,,,,,,,,,,,,,CancelBarracksTrain,
Beacon,,,,,,,,,,,,,,,,,,,,,,,,,,,,,,,,
Blink,Blink,,,,,,,,,,,,,,,,,,,,,,,,,,,,,,,
BridgeExtend,BridgeExtend,,,,,,,,,,,,,,,,,,,,,,,,,,,,,,,
BridgeRetract,BridgeRetract,,,,,,,,,,,,,,,,,,,,,,,,,,,,,,,
BroodLordHangar,BuildBroodling,,,,,,,,,,,,,,,,,,,,,,,,,,,,,,,
BroodLordQueue2,CancelLast,CancelSlot,,,,,,,,,,,,,,,,,,,,,,,,,,,,,,
BuildAutoTurret,BuildAutoTurret,,,,,,,,,,,,,,,,,,,,,,,,,,,,,,,
BuildInProgress,CancelBuilding,HaltBuilding,,,,,,,,,,,,,,,,,,,,,,,,,,,,,,
BuildNydusCanal,BuildNydusWorm,SummonNydusDestroyer,SummonCreepTower,,,,,,,,,,,,,,,,,,,,,,,,,,,,CancelNydusNetworkBuild,
BuildinProgressNydusCanal,,,,,,,,,,,,,,,,,,,,,,,,,,,,,,,,
BuildingShield,BuildingShield,,,,,,,,,,,,,,,,,,,,,,,,,,,,,,,
BuildingStasis,PhaseShift,,,,,,,,,,,,,,,,,,,,,,,,,,,,,,,
BunkerTransport,LoadTargetBunker,UnloadAllBunker,UnloadTargetBunker,UnloadUnitBunker,LoadAllBunker,,,,,,,,,,,,,,,,,,,,,,,,,,,
BurrowBanelingDown,BurrowBaneling,,,,,,,,,,,,,,,,,,,,,,,,,,,,,,,
BurrowBanelingUp,UnburrowBaneling,,,,,,,,,,,,,,,,,,,,,,,,,,,,,,,
BurrowChargeMP,BurrowCharge,,,,,,,,,,,,,,,,,,,,,,,,,,,,,,,
BurrowChargeRevD,BurrowCharge,,,,,,,,,,,,,,,,,,,,,,,,,,,,,,,
BurrowChargeTrial,BurrowCharge,,,,,,,,,,,,,,,,,,,,,,,,,,,,,,,
BurrowCreepTumorDown,BurrowCreepTumor,,,,,,,,,,,,,,,,,,,,,,,,,,,,,,,
BurrowDroneDown,BurrowDrone,,,,,,,,,,,,,,,,,,,,,,,,,,,,,,,
BurrowDroneUp,UnburrowDrone,,,,,,,,,,,,,,,,,,,,,,,,,,,,,,,
BurrowHydraliskDown,BurrowHydralisk,,,,,,,,,,,,,,,,,,,,,,,,,,,,,,,
BurrowHydraliskUp,UnburrowHydralisk,,,,,,,,,,,,,,,,,,,,,,,,,,,,,,,
BurrowInfestorDown,BurrowInfestor,,,,,,,,,,,,,,,,,,,,,,,,,,,,,,,
BurrowInfestorTerranDown,BurrowInfestedTerran,,,,,,,,,,,,,,,,,,,,,,,,,,,,,,,
BurrowInfestorTerranUp,UnburrowInfestedTerran,,,,,,,,,,,,,,,,,,,,,,,,,,,,,,,
BurrowInfestorUp,UnburrowInfestor,,,,,,,,,,,,,,,,,,,,,,,,,,,,,,,
BurrowProtector,BlindingCloud,,,,,,,,,,,,,,,,,,,,,,,,,,,,,,,
BurrowQueenDown,BurrowQueen,,,,,,,,,,,,,,,,,,,,,,,,,,,,,,,
BurrowQueenUp,UnburrowQueen,,,,,,,,,,,,,,,,,,,,,,,,,,,,,,,
BurrowRoachDown,BurrowRoach,,,,,,,,,,,,,,,,,,,,,,,,,,,,,,,
BurrowRoachUp,UnburrowRoach,,,,,,,,,,,,,,,,,,,,,,,,,,,,,,,
BurrowUltraliskDown,BurrowUltralisk,,,,,,,,,,,,,,,,,,,,,,,,,,,,,,,
BurrowUltraliskUp,UnburrowUltralisk,,,,,,,,,,,,,,,,,,,,,,,,,,,,,,,
BurrowZerglingDown,BurrowZergling,,,,,,,,,,,,,,,,,,,,,,,,,,,,,,,
BurrowZerglingUp,UnburrowZergling,,,,,,,,,,,,,,,,,,,,,,,,,,,,,,,
CAbilArmMagazine,,,,,,,,,,,,,,,,,,,,,,,,,,,,,,,,
CAbilAttack,Attack,,,,,,,,,,,,,,,,,,,,,,,,,,,,,,,
CAbilAugment,,,,,,,,,,,,,,,,,,,,,,,,,,,,,,,,
CAbilBattery,,,,,,,,,,,,,,,,,,,,,,,,,,,,,,,,
CAbilBeacon,,,,,,,,,,,,,,,,,,,,,,,,,,,,,,,,
CAbilBehavior,,,,,,,,,,,,,,,,,,,,,,,,,,,,,,,,
CAbilBuild,,,,,,,,,,,,,,,,,,,,,,,,,,,,,,,CancelCAbilBuild,
CAbilBuildable,,,,,,,,,,,,,,,,,,,,,,,,,,,,,,,HaltCAbilBuildable,
CAbilEffect,,,,,,,,,,,,,,,,,,,,,,,,,,,,,,,,
CAbilEffectInstant,,,,,,,,,,,,,,,,,,,,,,,,,,,,,,,,
CAbilEffectTarget,,,,,,,,,,,,,,,,,,,,,,,,,,,,,,,,
CAbilHarvest,Gather,ReturnCargo,,,,,,,,,,,,,,,,,,,,,,,,,,,,,,
CAbilInteract,,,,,,,,,,,,,,,,,,,,,,,,,,,,,,,,
CAbilInventory,DropItem,MoveItem,TakeItem,UseItemInstant,UseItemTarget,CancelItem,PawnItemInstant,,,,,,,,,,,,,,,,,,,,,,,,,
CAbilLearn,,,,,,,,,,,,,,,,,,,,,,,,,,,,,,,,
CAbilMerge,,,,,,,,,,,,,,,,,,,,,,,,,,,,,,,,
CAbilMergeable,,,,,,,,,,,,,,,,,,,,,,,,,,,,,,,,
CAbilMorph,,,,,,,,,,,,,,,,,,,,,,,,,,,,,,,,
CAbilMorphPlacement,,,,,,,,,,,,,,,,,,,,,,,,,,,,,,,,
CAbilMove,Move,Patrol,HoldPosition,ScanMove,Turn,,,,,,,,,,,,,,,,,,,,,,,,,,,
CAbilPawn,,,,,,,,,,,,,,,,,,,,,,,,,,,,,,,,
CAbilProgress,,,,,,,,,,,,,,,,,,,,,,,,,,,,,,,,
CAbilQueue,CancelLast,CancelSlot,,,,,,,,,,,,,,,,,,,,,,,,,,,,,,
CAbilQueueable,,,,,,,,,,,,,,,,,,,,,,,,,,,,,,,,
CAbilRally,SetRallyPoint,SetRallyPointExtra1,SetRallyPointExtra2,,,,,,,,,,,,,,,,,,,,,,,,,,,,,
CAbilRedirect,,,,,,,,,,,,,,,,,,,,,,,,,,,,,,,,
CAbilResearch,,,,,,,,,,,,,,,,,,,,,,,,,,,,,,,,
CAbilRevive,,,,,,,,,,,,,,,,,,,,,,,,,,,,,,,,
CAbilSpecialize,,,,,,,,,,,,,,,,,,,,,,,,,,,,,,,,
CAbilStop,Stop,HoldFire,Cheer,Dance,,,,,,,,,,,,,,,,,,,,,,,,,,,,
CAbilTrain,,,,,,,,,,,,,,,,,,,,,,,,,,,,,,,,
CAbilTransport,LoadTarget,UnloadAll,UnloadTarget,UnloadUnit,LoadAll,,,,,,,,,,,,,,,,,,,,,,,,,,,
CAbilWarpTrain,,,,,,,,,,,,,,,,,,,,,,,,,,,,,,,,
CAbilWarpable,,,,,,,,,,,,,,,,,,,,,,,,,,,,,,,,
CalldownMULE,CalldownMULE,,,,,,,,,,,,,,,,,,,,,,,,,,,,,,,
CarrierHangar,BuildInterceptor,,,,,,,,,,,,,,,,,,,,,,,,,,,,,,,
Charge,Charge,,,,,,,,,,,,,,,,,,,,,,,,,,,,,,,
Clone,Clone,,,,,,,,,,,,,,,,,,,,,,,,,,,,,,,
CommandCenterLand,LandCommandCenter,,,,,,,,,,,,,,,,,,,,,,,,,,,,,,,
CommandCenterLiftOff,LiftCommandCenter,,,,,,,,,,,,,,,,,,,,,,,,,,,,,,,
CommandCenterTrain,TrainSCV,,,,,,,,,,,,,,,,,,,,,,,,,,,,,,CancelCommandCenterTrain,
CommandCenterTransport,LoadTargetCommandCenter,UnloadAllCommandCenter,UnloadTargetCommandCenter,UnloadUnitCommandCenter,LoadAllCommandCenter,,,,,,,,,,,,,,,,,,,,,,,,,,,
Contaminate,Contaminate,,,,,,,,,,,,,,,,,,,,,,,,,,,,,,,
Corruption,Corruption,,,,,,,,,,,,,,,,,,,,,,,,,,,,,,CancelCorruption,
CreepTumorBuild,BuildCreepTumor,,,,,,,,,,,,,,,,,,,,,,,,,,,,,,CancelCreepTumor,
CritterFlee,CritterFlee,,,,,,,,,,,,,,,,,,,,,,,,,,,,,,,
CyberneticsCoreResearch,UpgradeAirWeapons1,UpgradeAirWeapons2,UpgradeAirWeapons3,UpgradeAirArmor1,UpgradeAirArmor2,UpgradeAirArmor3,ResearchWarpGate,,,ResearchHallucination,,,,,,,,,,,,,,,,,,,,,CancelCyberneticsCoreResearch,
DigesterCreepSpray,CreepSpray,,,,,,,,,,,,,,,,,,,,,,,,,,,,,,,
DigesterTransport,LoadTargetDigester,UnloadAllDigester,UnloadTargetDigester,UnloadUnitDigester,LoadAllDigester,,,,,,,,,,,,,,,,,,,,,,,,,,,
DisguiseAsMarineWithShield,,,,,,,,,,,,,,,,,,,,,,,,,,,,,,,,
DisguiseAsMarineWithoutShield,,,,,,,,,,,,,,,,,,,,,,,,,,,,,,,,
DisguiseAsZealot,,,,,,,,,,,,,,,,,,,,,,,,,,,,,,,,
DisguiseAsZerglingWithWings,,,,,,,,,,,,,,,,,,,,,,,,,,,,,,,,
DisguiseAsZerglingWithoutWings,,,,,,,,,,,,,,,,,,,,,,,,,,,,,,,,
DisguiseChangeling,,,,,,,,,,,,,,,,,,,,,,,,,,,,,,,,
DroneHarvest,Gather,ReturnCargo,,,,,,,,,,,,,,,,,,,,,,,,,,,,,,
EMP,EMPRound,,,,,,,,,,,,,,,,,,,,,,,,,,,,,,,
EngineeringBayResearch,ResearchHiSecAutoTracking,UpgradeStructureArmor,UpgradeTerranInfantryWeapons1,UpgradeTerranInfantryWeapons2,UpgradeTerranInfantryWeapons3,ResearchNeosteelFrame,UpgradeTerranInfantryArmor1,UpgradeTerranInfantryArmor2,UpgradeTerranInfantryArmor3,,,,,,,,,,,,,,,,,,,,,,CancelEngineeringBayResearch,
Explode,Explode,,,,,,,,,,,,,,,,,,,,,,,,,,,,,,,
ExtendingBridgeNEWide10,ExtendingBridgeNEWide10,,,,,,,,,,,,,,,,,,,,,,,,,,,,,,,
ExtendingBridgeNEWide10Out,ExtendingBridgeNEWide10Out,,,,,,,,,,,,,,,,,,,,,,,,,,,,,,,
ExtendingBridgeNEWide12,ExtendingBridgeNEWide12,,,,,,,,,,,,,,,,,,,,,,,,,,,,,,,
ExtendingBridgeNEWide12Out,ExtendingBridgeNEWide12Out,,,,,,,,,,,,,,,,,,,,,,,,,,,,,,,
ExtendingBridgeNEWide8,ExtendingBridgeNEWide8,,,,,,,,,,,,,,,,,,,,,,,,,,,,,,,
ExtendingBridgeNEWide8Out,ExtendingBridgeNEWide8Out,,,,,,,,,,,,,,,,,,,,,,,,,,,,,,,
ExtendingBridgeNWWide10,ExtendingBridgeNWWide10,,,,,,,,,,,,,,,,,,,,,,,,,,,,,,,
ExtendingBridgeNWWide10Out,ExtendingBridgeNWWide10Out,,,,,,,,,,,,,,,,,,,,,,,,,,,,,,,
ExtendingBridgeNWWide12,ExtendingBridgeNWWide12,,,,,,,,,,,,,,,,,,,,,,,,,,,,,,,
ExtendingBridgeNWWide12Out,ExtendingBridgeNWWide12Out,,,,,,,,,,,,,,,,,,,,,,,,,,,,,,,
ExtendingBridgeNWWide8,ExtendingBridgeNWWide8,,,,,,,,,,,,,,,,,,,,,,,,,,,,,,,
ExtendingBridgeNWWide8Out,ExtendingBridgeNWWide8Out,,,,,,,,,,,,,,,,,,,,,,,,,,,,,,,
EyeStalk,EyeStalk,CancelEyeStalk,,,,,,,,,,,,,,,,,,,,,,,,,,,,,,
FactoryAddOns,BuildTechLabFactory,BuildReactorFactory,,,,,,,,,,,,,,,,,,,,,,,,,,,,,CancelFactoryAddOn,
FactoryLand,LandFactory,,,,,,,,,,,,,,,,,,,,,,,,,,,,,,,
FactoryLiftOff,LiftFactory,,,,,,,,,,,,,,,,,,,,,,,,,,,,,,,
FactoryReactorMorph,BuildReactorFactory,,,,,,,,,,,,,,,,,,,,,,,,,,,,,,,
FactoryTechLabMorph,BuildTechLabFactory,,,,,,,,,,,,,,,,,,,,,,,,,,,,,,,
FactoryTechLabResearch,ResearchSiegeTech,ResearchInfernalPreIgniter,Research250mmStrikeCannons,ResearchTransformationServos,ResearchDrillingClaws,,ResearchSmartServos,,ResearchCycloneRapidFireLaunchers,ResearchCycloneLockOnDamageUpgrade,,,,,,,,,,,,,,,,,,,,,CancelFactoryTechLabResearch,
FactoryTrain,,BuildSiegeTank,,,BuildThor,BuildHellion,BuildBattleHellion,TrainCyclone,,,,,BuildWarHound,,,,,,,,,,,,BuildWidowMine,,,,,,CancelFactoryTrain,
Feedback,Feedback,,,,,,,,,,,,,,,,,,,,,,,,,,,,,,,
FighterMode,FighterMode,,,,,,,,,,,,,,,,,,,,,,,,,,,,,,,
FleetBeaconResearch,ResearchFluxVanes,ResearchGravitonCatapult,ResearchAnionPulseCrystals,,ResearchBosonicCore,ResearchGravitySling,,,,,,,,,,,,,,,,,,,,,,,,,CancelFleetBeaconResearch,
FlyerShield,FlyerShield,,,,,,,,,,,,,,,,,,,,,,,,,,,,,,,
ForceField,ForceField,CancelForceField,,,,,,,,,,,,,,,,,,,,,,,,,,,,,,
ForgeResearch,UpgradeGroundWeapons1,UpgradeGroundWeapons2,UpgradeGroundWeapons3,UpgradeGroundArmor1,UpgradeGroundArmor2,UpgradeGroundArmor3,UpgradeShields1,UpgradeShields2,UpgradesShields3,,,,,,,,,,,,,,,,,,,,,,CancelForgeResearch,
Frenzy,Frenzy,,,,,,,,,,,,,,,,,,,,,,,,,,,,,,,
FungalGrowth,FungalGrowth,,,,,,,,,,,,,,,,,,,,,,,,,,,,,,,
FusionCoreResearch,ResearchWeaponRefit,ResearchBehemothReactor,ResearchMedivacIncreaseSpeedBoost,,,,,,,,,,,,,,,,,,,,,,,,,,,,CancelFusionCoreResearch,
GatewayTrain,TrainZealot,TrainStalker,,TrainHighTemplar,TrainDarkTemplar,TrainSentry,TrainAdept,,,,,,,,,,,,,,,,,,,,,,,,CancelGatewayTrain,
GenerateCreep,GenerateCreep,StopGenerateCreep,,,,,,,,,,,,,,,,,,,,,,,,,,,,,,
GhostAcademyResearch,ResearchPersonalCloaking,ResearchMoebiusReactor,ResearchEnhancedShockwaves,,,,,,,,,,,,,,,,,,,,,,,,,,,,CancelGhostAcademyResearch,
GhostCloak,CloakGhost,DecloakGhost,,,,,,,,,,,,,,,,,,,,,,,,,,,,,,
GhostHoldFire,HoldFireGhost,,,,,,,,,,,,,,,,,,,,,,,,,,,,,,,
GhostWeaponsFree,GWeaponsFreeGhost,,,,,,,,,,,,,,,,,,,,,,,,,,,,,,,
GravitonBeam,GravitonBeam,CancelGravitonBeam,,,,,,,,,,,,,,,,,,,,,,,,,,,,,,
GuardianShield,GuardianShield,,,,,,,,,,,,,,,,,,,,,,,,,,,,,,,
HallucinationArchon,HallucinateArchon,,,,,,,,,,,,,,,,,,,,,,,,,,,,,,,
HallucinationColossus,HallucinateColossus,,,,,,,,,,,,,,,,,,,,,,,,,,,,,,,
HallucinationHighTemplar,HallucinateHighTemplar,,,,,,,,,,,,,,,,,,,,,,,,,,,,,,,
HallucinationImmortal,HallucinateImmortal,,,,,,,,,,,,,,,,,,,,,,,,,,,,,,,
HallucinationOracle,HallucinateOracle,,,,,,,,,,,,,,,,,,,,,,,,,,,,,,,
HallucinationPhoenix,HallucinatePhoenix,,,,,,,,,,,,,,,,,,,,,,,,,,,,,,,
HallucinationProbe,HallucinateProbe,,,,,,,,,,,,,,,,,,,,,,,,,,,,,,,
HallucinationStalker,HallucinateStalker,,,,,,,,,,,,,,,,,,,,,,,,,,,,,,,
HallucinationVoidRay,HallucinateVoidRay,,,,,,,,,,,,,,,,,,,,,,,,,,,,,,,
HallucinationWarpPrism,HallucinateWarpPrism,,,,,,,,,,,,,,,,,,,,,,,,,,,,,,,
HallucinationZealot,HallucinateZealot,,,,,,,,,,,,,,,,,,,,,,,,,,,,,,,
HangarQueue5,CancelLast,CancelSlot,,,,,,,,,,,,,,,,,,,,,,,,,,,,,,
HerdInteract,Herd,,,,,,,,,,,,,,,,,,,,,,,,,,,,,,,
HoldFire,Stop,HoldFire,Cheer,Dance,,,,,,,,,,,,,,,,,,,,,,,,,,,,
HydraliskDenResearch,ResearchEvolveGroovedSpines,ResearchEvolveMuscularAugments,EvolveGroovedSpines,EvolveMuscularAugments,,,,,,,,,,,,,,,,,,,,,,,,,,,CancelHydraliskDenResearch,
InfestationPitResearch,,,EvolvePathogenGlands,EvolveNeuralParasite,EvolveEnduringLocusts,ResearchMicrobialShroud,,,,,,,,,,,,,,,,,,,,,,,,,CancelInfestationPitResearch,
InfestedTerrans,SpawnInfestedTerran,,,,,,,,,,,,,,,,,,,,,,,,,,,,,,,
InfestedTerransLayEgg,SpawnInfestedTerran,,,,,,,,,,,,,,,,,,,,,,,,,,,,,,,
InvulnerabilityShield,InvulnerabilityShield,,,,,,,,,,,,,,,,,,,,,,,,,,,,,,,
LairResearch,,EvolvePneumatizedCarapace,EvolveVentralSacs,EvolveBurrow,,,,,,,,,,,,,,,,,,,,,,,,,,,CancelLairResearch,
LarvaTrain,MorphDrone,MorphZergling,MorphOverlord,MorphHydralisk,MorphMutalisk,,MorphUltralisk,,,MorphRoach,MorphInfestor,MorphCorruptor,MorphViper,,MorphSwarmHost,,,,,,,,,,,,,,,,CancelLarvaTrain,
Leech,Leech,,,,,,,,,,,,,,,,,,,,,,,,,,,,,,,
LocustTrain,SpawnLocusts,,,,,,,,,,,,,,,,,,,,,,,,,,,,,,,
MULEGather,Gather,ReturnCargo,,,,,,,,,,,,,,,,,,,,,,,,,,,,,,
MULERepair,MULERepair,,,,,,,,,,,,,,,,,,,,,,,,,,,,,,,
MassRecall,MassRecallMothership,,,,,,,,,,,,,,,,,,,,,,,,,,,,,,,
MassiveKnockover,MassiveKnockover,,,,,,,,,,,,,,,,,,,,,,,,,,,,,,,
MaxiumThrust,MaxiumThrust,,,,,,,,,,,,,,,,,,,,,,,,,,,,,,,
MedivacHeal,HealMedivac,,,,,,,,,,,,,,,,,,,,,,,,,,,,,,,
MedivacSpeedBoost,MedivacSpeedBoost,,,,,,,,,,,,,,,,,,,,,,,,,,,,,,,
MedivacTransport,LoadTargetMedivac,UnloadAllMedivac,UnloadTargetMedivac,UnloadUnitMedivac,LoadAllMedivac,,,,,,,,,,,,,,,,,,,,,,,,,,,
MercCompoundResearch,,,,ResearchNitroPacks,,,,,,,,,,,,,,,,,,,,,,,,,,,,
Mergeable,Cancel,,,,,,,,,,,,,,,,,,,,,,,,,,,,,,,
MetalGateDefaultLower,MetalGateDefaultLower,,,,,,,,,,,,,,,,,,,,,,,,,,,,,,,
MetalGateDefaultRaise,MetalGateDefaultRaise,,,,,,,,,,,,,,,,,,,,,,,,,,,,,,,
MorphBackToGateway,TransformToGateway,CancelTransformToGateway,,,,,,,,,,,,,,,,,,,,,,,,,,,,,,
MorphToBroodLord,MorphToBroodLord,CancelMorph,,,,,,,,,,,,,,,,,,,,,,,,,,,,,,
MorphToCollapsibleRockTowerDebris,,,,,,,,,,,,,,,,,,,,,,,,,,,,,,,,
MorphToHellion,StrikeMode,,,,,,,,,,,,,,,,,,,,,,,,,,,,,,,
MorphToHellionTank,BattleMode,,,,,,,,,,,,,,,,,,,,,,,,,,,,,,,
MorphToInfestedTerran,MorphToInfestedTerran,,,,,,,,,,,,,,,,,,,,,,,,,,,,,,,
MorphToMothership,UpgradeToMothership,CancelUpgradeToMothership,,,,,,,,,,,,,,,,,,,,,,,,,,,,,,
MorphToOverseer,MorphToOverseer,CancelMorphToOverseer,,,,,,,,,,,,,,,,,,,,,,,,,,,,,,
MorphToSwarmHostBurrowedMP,BurrowSwarmHost,,,,,,,,,,,,,,,,,,,,,,,,,,,,,,,
MorphToSwarmHostMP,UnburrowSwarmHost,,,,,,,,,,,,,,,,,,,,,,,,,,,,,,,
MorphZerglingToBaneling,MorphToBaneling,CancelMorphToBaneling,,,,,,,,,,,,,,,,,,,,,,,,,,,,,,
MothershipCoreEnergize,Energize,CancelEnergize,,,,,,,,,,,,,,,,,,,,,,,,,,,,,,
MothershipCoreMassRecall,MassRecallMothershipCore,,,,,,,,,,,,,,,,,,,,,,,,,,,,,,,
MothershipCoreTeleport,Teleport,,,,,,,,,,,,,,,,,,,,,,,,,,,,,,,
MothershipCoreWeapon,Purify,,,,,,,,,,,,,,,,,,,,,,,,,,,,,,,
MothershipStasis,Stasis,CancelStasis,,,,,,,,,,,,,,,,,,,,,,,,,,,,,,
NeuralParasite,InfestorNeuralParasite,Cancel,,,,,,,,,,,,,,,,,,,,,,,,,,,,,,
NexusInvulnerability,InvulnerabilityNexus,,,,,,,,,,,,,,,,,,,,,,,,,,,,,,,
NexusPhaseShift,PhaseShiftNexus,,,,,,,,,,,,,,,,,,,,,,,,,,,,,,,
NexusTrain,TrainProbe,,,,,,,,,,,,,,,,,,,,,,,,,,,,,,CancelTrainProbe,
NexusTrainMothership,TrainMothership,,,,,,,,,,,,,,,,,,,,,,,,,,,,,,CancelTrainMothership,
NexusTrainMothershipCore,TrainMothershipCore,,,,,,,,,,,,,,,,,,,,,,,,,,,,,,CancelTrainMothershipCore,
NydusCanalTransport,LoadTargetNydus,UnloadAllNydus,UnloadTargetNydus,UnloadUnitNydus,LoadAllNydus,,,,,,,,,,,,,,,,,,,,,,,,,,,
OracleCloakField,CloakField,,,,,,,,,,,,,,,,,,,,,,,,,,,,,,,
OracleNormalMode,FlightMode,,,,,,,,,,,,,,,,,,,,,,,,,,,,,,,
OracleRevelation,Revelation,,,,,,,,,,,,,,,,,,,,,,,,,,,,,,,
OracleRevelationMode,RevelationMode,,,,,,,,,,,,,,,,,,,,,,,,,,,,,,,
OrbitalCommandLand,LandOrbitalCommand,,,,,,,,,,,,,,,,,,,,,,,,,,,,,,,
OrbitalLiftOff,LiftOrbitalCommand,,,,,,,,,,,,,,,,,,,,,,,,,,,,,,,
OverlordTransport,LoadTargetOverlord,UnloadAllOverlord,UnloadTargetOverlord,UnloadUnitOverlord,LoadAllOverlord,,,,,,,,,,,,,,,,,,,,,,,,,,,
PhaseShield,,,,,,,,,,,,,,,,,,,,,,,,,,,,,,,,
PhaseShift,PhaseShiftNexus,,,,,,,,,,,,,,,,,,,,,,,,,,,,,,,
PhasingMode,PhasingMode,,,,,,,,,,,,,,,,,,,,,,,,,,,,,,,
PickupPalletGas,PickupPalletGas,,,,,,,,,,,,,,,,,,,,,,,,,,,,,,,
PickupPalletMinerals,PickupPalletMinerals,,,,,,,,,,,,,,,,,,,,,,,,,,,,,,,
PickupScrapLarge,PickupScrapLarge,,,,,,,,,,,,,,,,,,,,,,,,,,,,,,,
PickupScrapMedium,PickupScrapMedium,,,,,,,,,,,,,,,,,,,,,,,,,,,,,,,
PickupScrapSmall,PickupScrapSmall,,,,,,,,,,,,,,,,,,,,,,,,,,,,,,,
PlacePointDefenseDrone,BuildPointDefenseDrone,,,,,,,,,,,,,,,,,,,,,,,,,,,,,,,
ProbeHarvest,Gather,ReturnCargo,,,,,,,,,,,,,,,,,,,,,,,,,,,,,,
ProgressRally,SetRallyPoint,SetRallyPointExtra1,SetRallyPointExtra2,,,,,,,,,,,,,,,,,,,,,,,,,,,,,
ProtossBuild,BuildNexus,BuildPylon,BuildAssimilator,BuildGateway,BuildForge,BuildFleetBeacon,BuildTwilightCouncil,BuildPhotonCannon,,BuildStargate,BuildTemplarArchive,BuildDarkShrine,BuildRoboticsBay,BuildRoboticsFacility,BuildCyberneticsCore,BuildShieldBattery,,,,,,,,,,,,,,,CancelProtossBuild,
ProtossBuildingQueue,CancelLast,CancelSlot,,,,,,,,,,,,,,,,,,,,,,,,,,,,,,
PsiStorm,PsionicStorm,,,,,,,,,,,,,,,,,,,,,,,,,,,,,,,
QueenBuild,CreepTumor,,,,,,,,,,,,,,,,,,,,,,,,,,,,,,CancelCreepTumor,
QueenFly,QueenFly,,,,,,,,,,,,,,,,,,,,,,,,,,,,,,,
QueenLand,QueenLand,,,,,,,,,,,,,,,,,,,,,,,,,,,,,,,
Rally,SetRallyPoint,SetRallyPointExtra1,SetRallyPointExtra2,,,,,,,,,,,,,,,,,,,,,,,,,,,,,
RallyCommand,SetWorkerRally,,,,,,,,,,,,,,,,,,,,,,,,,,,,,,,
RallyHatchery,SetUnitRally,SetWorkerRally,,,,,,,,,,,,,,,,,,,,,,,,,,,,,,
RallyNexus,SetWorkerRally,,,,,,,,,,,,,,,,,,,,,,,,,,,,,,,
RavenBuild,BuildAutoTurret,,,,,,,,,,,,,,,,,,,,,,,,,,,,,,CancelRavenBuild,
ReactorMorph,ReactorMorph,,,,,,,,,,,,,,,,,,,,,,,,,,,,,,,
RedstoneLavaCritterBurrow,BurrowRedstoneLavaCritter,,,,,,,,,,,,,,,,,,,,,,,,,,,,,,,
RedstoneLavaCritterInjuredBurrow,BurrowRedstoneLavaCritterInjured,,,,,,,,,,,,,,,,,,,,,,,,,,,,,,,
RedstoneLavaCritterInjuredUnburrow,UnburrowRedstoneLavaCritterInjured,,,,,,,,,,,,,,,,,,,,,,,,,,,,,,,
RedstoneLavaCritterUnburrow,UnburrowRedstoneLavaCritter,,,,,,,,,,,,,,,,,,,,,,,,,,,,,,,
Refund,Salvage,,,,,,,,,,,,,,,,,,,,,,,,,,,,,,,
Repair,SCVRepair,,,,,,,,,,,,,,,,,,,,,,,,,,,,,,,
ResourceBlocker,MineralShield,,,,,,,,,,,,,,,,,,,,,,,,,,,,,,,
ResourceStun,Entomb,,,,,,,,,,,,,,,,,,,,,,,,,,,,,,,
RestoreShields,RestoreShields,,,,,,,,,,,,,,,,,,,,,,,,,,,,,,,
ReviveSelf,,,,,,,,,,,,,,,,,,,,,,,,,,,,,,,,
ReviveSelfAtTarget,,,,,,,,,,,,,,,,,,,,,,,,,,,,,,,,
ReviveSelfOnCreep,,,,,,,,,,,,,,,,,,,,,,,,,,,,,,,,
ReviveSelfReplaceTarget,,,,,,,,,,,,,,,,,,,,,,,,,,,,,,,,
RoachWarrenResearch,,EvolveGlialReconstitution,EvolveTunnelingClaws,,,,,,,,,,,,,,,,,,,,,,,,,,,,CancelRoachWarrenResearch,
RoboticsBayResearch,,ResearchGraviticBoosters,ResearchGraviticDrive,,,ResearchExtendedThermalLance,,,,,,,,,,,,,,,,,,,,,,,,,CancelRoboticsBayResearch,
RoboticsFacilityTrain,TrainWarpPrism,TrainObserver,TrainColossus,TrainImmortal,,,,,,,,,,,,,,,TrainDisruptor,,,,,,,,,,,,CancelRoboticsFacilityTrain,
SCVHarvest,Gather,ReturnCargo,,,,,,,,,,,,,,,,,,,,,,,,,,,,,,
Sacrifice,Sacrifice,,,,,,,,,,,,,,,,,,,,,,,,,,,,,,,
Salvage,Salvage,,,,,,,,,,,,,,,,,,,,,,,,,,,,,,,
SalvageBaneling,SalvageBaneling,,,,,,,,,,,,,,,,,,,,,,,,,,,,,,,
SalvageBanelingRefund,SalvageBanelingRefund,,,,,,,,,,,,,,,,,,,,,,,,,,,,,,,
SalvageBunker,SalvageBunker,,,,,,,,,,,,,,,,,,,,,,,,,,,,,,,
SalvageBunkerRefund,SalvageBunkerRefund,,,,,,,,,,,,,,,,,,,,,,,,,,,,,,,
SalvageDrone,SalvageDrone,,,,,,,,,,,,,,,,,,,,,,,,,,,,,,,
SalvageDroneRefund,SalvageDroneRefund,,,,,,,,,,,,,,,,,,,,,,,,,,,,,,,
SalvageHydralisk,SalvageHydralisk,,,,,,,,,,,,,,,,,,,,,,,,,,,,,,,
SalvageHydraliskRefund,SalvageHydraliskRefund,,,,,,,,,,,,,,,,,,,,,,,,,,,,,,,
SalvageInfestor,SalvageInfestor,,,,,,,,,,,,,,,,,,,,,,,,,,,,,,,
SalvageInfestorRefund,SalvageInfestorRefund,SalvageInfestorRefund,,,,,,,,,,,,,,,,,,,,,,,,,,,,,,,
SalvageQueen,SalvageQueen,,,,,,,,,,,,,,,,,,,,,,,,,,,,,,,
SalvageQueenRefund,SalvageQueenRefund,,,,,,,,,,,,,,,,,,,,,,,,,,,,,,,
SalvageRoach,SalvageRoach,,,,,,,,,,,,,,,,,,,,,,,,,,,,,,,
SalvageRoachRefund,SalvageRoachRefund,,,,,,,,,,,,,,,,,,,,,,,,,,,,,,,
SalvageShared,SalvageShared,Off,,,,,,,,,,,,,,,,,,,,,,,,,,,,,,
SalvageSwarmHost,SalvageSwarmHost,,,,,,,,,,,,,,,,,,,,,,,,,,,,,,,
SalvageSwarmHostRefund,SalvageSwarmHostRefund,,,,,,,,,,,,,,,,,,,,,,,,,,,,,,,
SalvageUltralisk,SalvageUltralisk,,,,,,,,,,,,,,,,,,,,,,,,,,,,,,,
SalvageUltraliskRefund,SalvageUltraliskRefund,,,,,,,,,,,,,,,,,,,,,,,,,,,,,,,
SalvageZergling,SalvageZergling,,,,,,,,,,,,,,,,,,,,,,,,,,,,,,,
SalvageZerglingRefund,SalvageZerglingRefund,,,,,,,,,,,,,,,,,,,,,,,,,,,,,,,
SapStructure,SapStructureBaneling,,,,,,,,,,,,,,,,,,,,,,,,,,,,,,,
ScannerSweep,ScannerSweep,,,,,,,,,,,,,,,,,,,,,,,,,,,,,,,
Scryer,Preordain,,,,,,,,,,,,,,,,,,,,,,,,,,,,,,,
SeekerMissile,SeekerMissile,,,,,,,,,,,,,,,,,,,,,,,,,,,,,,,
Shatter,Shatter,,,,,,,,,,,,,,,,,,,,,,,,,,,,,,,
SiegeMode,SiegeMode,,,,,,,,,,,,,,,,,,,,,,,,,,,,,,,
SingleRecall,SingleRecall,,,,,,,,,,,,,,,,,,,,,,,,,,,,,,,
Siphon,SiphonLife,CancelSiphonLife,,,,,,,,,,,,,,,,,,,,,,,,,,,,,,
Snipe,SniperRound,,,,,,,,,,,,,,,,,,,,,,,,,,,,,,,
SnipeDoT,SnipeDoT,,,,,,,,,,,,,,,,,,,,,,,,,,,,,,,
SpawnChangeling,SpawnChangeling,,,,,,,,,,,,,,,,,,,,,,,,,,,,,,,
SpawnChangelingTarget,SpawnChangelingTarget,,,,,,,,,,,,,,,,,,,,,,,,,,,,,,,
SpawnInfestedTerran,SpawnLocusts,,,,,,,,,,,,,,,,,,,,,,,,,,,,,,,
SpawnLarva,SpawnLarva,,,,,,,,,,,,,,,,,,,,,,,,,,,,,,,
SpawningPoolResearch,EvolveAdrenalGlands,EvolveMetabolicBoost,,,,,,,,,,,,,,,,,,,,,,,,,,,,,CancelSpawningPoolResearch,
SpectreShield,SpectreShield,,,,,,,,,,,,,,,,,,,,,,,,,,,,,,,
SpineCrawlerRoot,RootSpineCrawler,CancelRootSpineCrawler,,,,,,,,,,,,,,,,,,,,,,,,,,,,,,
SpineCrawlerUproot,UprootSpineCrawler,CancelUprootSpineCrawler,,,,,,,,,,,,,,,,,,,,,,,,,,,,,,
SpireResearch,EvolveFlyerAttacks1,EvolveFlyerAttacks2,EvolveFlyerAttacks3,EvolveFlyerCarapace1,EvolveFlyerCarapace2,EvolveFlyerCarapace3,,,,,,,,,,,,,,,,,,,,,,,,,CancelSpireResearch,
SporeCrawlerRoot,RootSporeCrawler,Cancel,,,,,,,,,,,,,,,,,,,,,,,,,,,,,CancelRootSporeCrawler,
SporeCrawlerUproot,UprootSporeCrawler,,,,,,,,,,,,,,,,,,,,,,,,,,,,,,CancelUprootSporeCrawler,
StargateTrain,TrainPhoenix,TrainCarrier,TrainCarrier,,TrainVoidRay,,,,TrainOracle,TrainTempest,,,,,,,,,,,,,,,,,,,,,CancelStargateTrain,
StarportAddOns,BuildTechLabStarport,BuildReactorStarport,,,,,,,,,,,,,,,,,,,,,,,,,,,,,CancelStarportAddon,
StarportLand,LandStarport,,,,,,,,,,,,,,,,,,,,,,,,,,,,,,,
StarportLiftOff,LiftStarport,,,,,,,,,,,,,,,,,,,,,,,,,,,,,,,
StarportReactorMorph,StarportReactorMorph,,,,,,,,,,,,,,,,,,,,,,,,,,,,,,,
StarportTechLabMorph,StarportTechLabMorph,,,,,,,,,,,,,,,,,,,,,,,,,,,,,,,
StarportTechLabResearch,ResearchCloakingField,,ResearchCaduceusReactor,ResearchCorvidReactor,,,ResearchSeekerMissile,ResearchDurableMaterials,,ResearchBansheeSpeed,,,,ResearchRavenRecalibratedExplosives,ResearchMedivacIncreaseSpeedBoost,ResearchLiberatorAGRangeUpgrade,ResearchRavenEnhancedMunitions,,,,,,,,,,,,,,CancelStarportTechLabResearch,
StarportTrain,TrainMedivac,TrainBanshee,TrainRaven,TrainBattlecruiser,TrainViking,,TrainLiberator,,,,,,,,,,,,,,,,,,,,,,,,CancelStarportTrain,
Stimpack,UseStimpack,,,,,,,,,,,,,,,,,,,,,,,,,,,,,,,
StimpackMarauder,UseStimpack,,,,,,,,,,,,,,,,,,,,,,,,,,,,,,,
StimpackMarauderRedirect,StimpackMarauderRedirect,,,,,,,,,,,,,,,,,,,,,,,,,,,,,,,
StimpackRedirect,StimpackRedirect,,,,,,,,,,,,,,,,,,,,,,,,,,,,,,,
StopRedirect,StopRedirect,,,,,,,,,,,,,,,,,,,,,,,,,,,,,,,
SupplyDepotLower,LowerSupplyDepot,,,,,,,,,,,,,,,,,,,,,,,,,,,,,,,
SupplyDepotRaise,RaiseSupplyDepot,,,,,,,,,,,,,,,,,,,,,,,,,,,,,,,
SupplyDrop,ExtraSupplies,,,,,,,,,,,,,,,,,,,,,,,,,,,,,,,
SwarmHostSpawnLocusts,SpawnLocusts,,,,,,,,,,,,,,,,,,,,,,,,,,,,,,,
TacNukeStrike,TacticalNukeStrike,CancelTacticalNukeStrike,,,,,,,,,,,,,,,,,,,,,,,,,,,,,,
Taunt,Taunt,,,,,,,,,,,,,,,,,,,,,,,,,,,,,,,
TechLabMorph,TechLabMorph,,,,,,,,,,,,,,,,,,,,,,,,,,,,,,,
TemplarArchivesResearch,ResearchKhaydarinAmulet,,,,ResearchPsiStorm,,,,,,,,,,,,,,,,,,,,,,,,,,CancelTemplarArchivesResearch,
TemporalRift,TemporalRift,,,,,,,,,,,,,,,,,,,,,,,,,,,,,,,
TerranAddOns,BuildTechLab,BuildReactor,,,,,,,,,,,,,,,,,,,,,,,,,,,,,CancelBuilding,
TerranBuild,BuildCommandCenter,BuildSupplyDepot,BuildRefinery,BuildBarracks,BuildEngineeringBay,BuildMissileTurret,BuildBunker,,BuildSensorTower,BuildGhostAcademy,BuildFactory,BuildStarport,,BuildArmory,,BuildFusionCore,,,,,,,,,,,,,,,CancelTerranBuilding,
TerranBuildingLand,LandTerranBuilding,,,,,,,,,,,,,,,,,,,,,,,,,,,,,,,
TerranBuildingLiftOff,LiftTerranBuilding,,,,,,,,,,,,,,,,,,,,,,,,,,,,,,,
TestZerg,TestZerg,CancelTestZerg,,,,,,,,,,,,,,,,,,,,,,,,,,,,,,
TimeWarp,ChronoBoost,,,,,,,,,,,,,,,,,,,,,,,,,,,,,,,
TornadoMissile,HaywireMissiles,,,,,,,,,,,,,,,,,,,,,,,,,,,,,,,
TowerCapture,TowerCapture,,,,,,,,,,,,,,,,,,,,,,,,,,,,,,,
TrainQueen,TrainQueen,,,,,,,,,,,,,,,,,,,,,,,,,,,,,,CancelTrainQueen,
Transfusion,QueenTransfusion,,,,,,,,,,,,,,,,,,,,,,,,,,,,,,,
TransportMode,TransportMode,,,,,,,,,,,,,,,,,,,,,,,,,,,,,,,
TwilightCouncilResearch,ResearchCharge,ResearchBlink,ResearchAdeptPiercingAttack,,,,,,,,,,,,,,,,,,,,,,,,,,,,CancelTwilightCouncilResearch,
UltraliskCavernResearch,ResearchAnabolicSynthesis,,EvolveChitinousPlating,EvolveBurrowCharge,,,,,,,,,,,,,,,,,,,,,,,,,,,CancelUltraliskCavernResearch,
UltraliskWeaponCooldown,,,,,,,,,,,,,,,,,,,,,,,,,,,,,,,,
Unsiege,TankMode,,,,,,,,,,,,,,,,,,,,,,,,,,,,,,,
UpgradeToGreaterSpire,MorphToGreaterSpire,CancelMorphToGreaterSpire,,,,,,,,,,,,,,,,,,,,,,,,,,,,,,
UpgradeToHive,UpgradeToHive,CancelUpgradeToHive,,,,,,,,,,,,,,,,,,,,,,,,,,,,,,
UpgradeToLair,UpgradeToLair,CancelUpgradeToLair,,,,,,,,,,,,,,,,,,,,,,,,,,,,,,
UpgradeToOrbital,UpgradeToOrbitalCommand,CancelUpgradeToOrbitalCommand,,,,,,,,,,,,,,,,,,,,,,,,,,,,,,
UpgradeToPlanetaryFortress,UpgradeToPlanetaryFortress,CancelUpgradeToPlanetaryFortress,,,,,,,,,,,,,,,,,,,,,,,,,,,,,,
UpgradeToWarpGate,TransformToWarpGate,CancelTransformToWarpGate,,,,,,,,,,,,,,,,,,,,,,,,,,,,,,
ViperConsumeStructure,Consume,,,,,,,,,,,,,,,,,,,,,,,,,,,,,,,
VolatileBurstBuilding,DisableVolatileBurst,EnableVolatileBurst,,,,,,,,,,,,,,,,,,,,,,,,,,,,,,
Vortex,Vortex,,,,,,,,,,,,,,,,,,,,,,,,,,,,,,,
WarpGateTrain,WarpInZealot,WarpInStalker,,WarpInHighTemplar,WarpInDarkTemplar,WarpInSentry,TrainAdept,,,,,,,,,,,,,,,,,,,,,,,,CancelWarpIn,
WarpPrismTransport,LoadTarget,UnloadAllWarpPrism,UnloadTargetWarpPrism,UnloadUnitWarpPrism,LoadAllWarpPrism,,,,,,,,,,,,,,,,,,,,,,,,,,,
Warpable,CancelWarpIn,,,,,,,,,,,,,,,,,,,,,,,,,,,,,,,
WidowMineAttack,AttackWidowMine,,,,,,,,,,,,,,,,,,,,,,,,,,,,,,,
WidowMineBurrow,BurrowWidowMine,,,,,,,,,,,,,,,,,,,,,,,,,,,,,,,
WidowMineUnburrow,UnburrowWidowMine,,,,,,,,,,,,,,,,,,,,,,,,,,,,,,,
WormholeTransit,WormholeTransit,,,,,,,,,,,,,,,,,,,,,,,,,,,,,,,
XelNagaHealingShrine,XelNagaHealingShrine,,,,,,,,,,,,,,,,,,,,,,,,,,,,,,,
Yamato,YamatoGun,,,,,,,,,,,,,,,,,,,,,,,,,,,,,,,
Yoink,Abduct,,,,,,,,,,,,,,,,,,,,,,,,,,,,,,,
ZergBuild,BuildHatchery,CreepTumor,BuildExtractor,BuildSpawningPool,BuildEvolutionChamber,BuildHydraliskDen,BuildSpire,BuildUltraliskCavern,BuildInfestationPit,BuildNydusNetwork,BuildBanelingNest,BuildLurkerDenMP,,BuildRoachWarren,BuildSpineCrawler,BuildSporeCrawler,,,,,Digester,,,,,,,,,,CancelZergBuild,
attack,Attack,,,,,,,,,,,,,,,,,,,,,,,,,,,,,,,
attackProtossBuilding,Attack,,,,,,,,,,,,,,,,,,,,,,,,,,,,,,,
burrowedBanelingStop,Stop,HoldFire,Cheer,Dance,,,,,,,,,,,,,,,,,,,,,,,,,,,,
burrowedStop,Stop,HoldFire,Cheer,Dance,,,,,,,,,,,,,,,,,,,,,,,,,,,,
evolutionchamberresearch,EvolveMeleeAttacks1,EvolveMeleeAttacks2,EvolveMeleeAttacks3,EvolveGroundCarapace1,EvolveGroundCarapace2,EvolveGroundCarapace3,EvolveMissileAttacks1,EvolveMissileAttacks2,EvolveMissileAttacks3,,,,,,,,,,,,,,,,,,,,,,CancelEvolutionChamberResearch,
move,Move,Patrol,HoldPosition,ScanMove,Turn,,,,,,,,,,,,,,,,,,,,,,,,,,,
que1,CancelLast,CancelSlot,,,,,,,,,,,,,,,,,,,,,,,,,,,,,,
que5,CancelLast,CancelSlot,,,,,,,,,,,,,,,,,,,,,,,,,,,,,,
que5Addon,CancelLast,CancelSlot,,,,,,,,,,,,,,,,,,,,,,,,,,,,,,
que5CancelToSelection,CancelLast,CancelSlot,,,,,,,,,,,,,,,,,,,,,,,,,,,,,,
que5LongBlend,CancelLast,CancelSlot,,,,,,,,,,,,,,,,,,,,,,,,,,,,,,
que5Passive,CancelLast,CancelSlot,,,,,,,,,,,,,,,,,,,,,,,,,,,,,,
que5PassiveCancelToSelection,CancelLast,CancelSlot,,,,,,,,,,,,,,,,,,,,,,,,,,,,,,
que8,CancelLast,CancelSlot,,,,,,,,,,,,,,,,,,,,,,,,,,,,,,
stop,Stop,HoldFire,Cheer,Dance,,,,,,,,,,,,,,,,,,,,,,,,,,,,
stopProtossBuilding,Stop,HoldFire,Cheer,Dance,,,,,,,,,,,,,,,,,,,,,,,,,,,,
CAbil,CAbil,,,,,,,,,,,,,,,,,,,,,,,,,,,,,,,
MorphToCollapsibleTerranTowerDebris,MorphToCollapsibleTerranTowerDebris,,,,,,,,,,,,,,,,,,,,,,,,,,,,,,,
MorphToCollapsibleTerranTowerDebrisRampLeft,MorphToCollapsibleTerranTowerDebrisRampLeft,,,,,,,,,,,,,,,,,,,,,,,,,,,,,,,
MorphToCollapsibleTerranTowerDebrisRampRight,MorphToCollapsibleTerranTowerDebrisRampRight,,,,,,,,,,,,,,,,,,,,,,,,,,,,,,,
LeechResources,LeechResources,,,,,,,,,,,,,,,,,,,,,,,,,,,,,,,
BlindingCloud,BlindingCloud,,,,,,,,,,,,,,,,,,,,,,,,,,,,,,,
ViperConsume,ViperConsume,,,,,,,,,,,,,,,,,,,,,,,,,,,,,,,
ViperConsumeMinerals,ViperConsumeMinerals,,,,,,,,,,,,,,,,,,,,,,,,,,,,,,,
LurkerAspectMPFromHydraliskBurrowed,LurkerAspectMPFromHydraliskBurrowed,,,,,,,,,,,,,,,,,,,,,,,,,,,,,,,
LurkerAspectMP,LurkerAspect,,,,,,,,,,,,,,,,,,,,,,,,,,,,,,,
BurrowLurkerMPDown,BurrowLurker,,,,,,,,,,,,,,,,,,,,,,,,,,,,,,,
BurrowLurkerMPUp,UnburrowLurker,,,,,,,,,,,,,,,,,,,,,,,,,,,,,,,
UpgradeToLurkerDenMP,UpgradeToLurkerDenMP,Cancel,,,,,,,,,,,,,,,,,,,,,,,,,,,,,,
MorphToCollapsibleRockTowerDebrisRampRight,MorphToCollapsibleRockTowerDebrisRampRight,,,,,,,,,,,,,,,,,,,,,,,,,,,,,,,
MorphToCollapsibleRockTowerDebrisRampLeft,MorphToCollapsibleRockTowerDebrisRampLeft,,,,,,,,,,,,,,,,,,,,,,,,,,,,,,,
VoidSiphon,VoidSiphon,,,,,,,,,,,,,,,,,,,,,,,,,,,,,,,
MothershipCorePurifyNexusCancel,MothershipCorePurifyNexusCancel,,,,,,,,,,,,,,,,,,,,,,,,,,,,,,,
MothershipCorePurifyNexus,MothershipCorePurifyNexus,,,,,,,,,,,,,,,,,,,,,,,,,,,,,,,
TemporalField,TemporalField,,,,,,,,,,,,,,,,,,,,,,,,,,,,,,,
ArmoryResearchSwarm,,,,VehicleAndShipPlating1,VehicleAndShipPlating2,VehicleAndShipPlating3,,,,,,,,,,,,,,,,,,,,,,,,,CancelArmoryResearch,
ArmorpiercingMissiles,ArmorpiercingMissiles,,,,,,,,,,,,,,,,,,,,,,,,,,,,,,,
ExplosiveMissiles,ExplosiveMissiles,,,,,,,,,,,,,,,,,,,,,,,,,,,,,,,
LightofAiur,Envision,,,,,,,,,,,,,,,,,,,,,,,,,,,,,,,
MothershipMassRecall,MothershipMassRecall,,,,,,,,,,,,,,,,,,,,,,,,,,,,,,,
OracleWeapon,OracleWeapon,OracleWeaponOff,,,,,,,,,,,,,,,,,,,,,,,,,,,,,,
PulsarBeam,PulsarBeam,,,,,,,,,,,,,,,,,,,,,,,,,,,,,,,
PulsarCannon,PulsarCannon,,,,,,,,,,,,,,,,,,,,,,,,,,,,,,,
VoidRaySwarmDamageBoost,PrismaticAlignment,,,,,,,,,,,,,,,,,,,,,,,,,,,,,,,
SeekerDummyChannel,SeekerDummyChannel,,,,,,,,,,,,,,,,,,,,,,,,,,,,,,,
XelNaga_Caverns_DoorDefaultOpen,XelNaga_Caverns_DoorDefaultOpen
XelNaga_Caverns_DoorDefaultClose,XelNaga_Caverns_DoorDefaultClose
XelNaga_Caverns_DoorE,XelNaga_Caverns_DoorE
XelNaga_Caverns_DoorEOpened,XelNaga_Caverns_DoorEOpened
XelNaga_Caverns_DoorN,XelNaga_Caverns_DoorN
XelNaga_Caverns_DoorNE,XelNaga_Caverns_DoorNE
XelNaga_Caverns_DoorNEOpened,XelNaga_Caverns_DoorNEOpened
XelNaga_Caverns_DoorNOpened,XelNaga_Caverns_DoorNOpened
XelNaga_Caverns_DoorNW,XelNaga_Caverns_DoorNW
XelNaga_Caverns_DoorNWOpened,XelNaga_Caverns_DoorNWOpened
XelNaga_Caverns_DoorS,XelNaga_Caverns_DoorS
XelNaga_Caverns_DoorSE,XelNaga_Caverns_DoorSE
XelNaga_Caverns_DoorSEOpened,XelNaga_Caverns_DoorSEOpened
XelNaga_Caverns_DoorSOpened,XelNaga_Caverns_DoorSOpened
XelNaga_Caverns_DoorSW,XelNaga_Caverns_DoorSW
XelNaga_Caverns_DoorSWOpened,XelNaga_Caverns_DoorSWOpened
XelNaga_Caverns_DoorW,XelNaga_Caverns_DoorW
XelNaga_Caverns_DoorWOpened,XelNaga_Caverns_DoorWOpened
XelNaga_Caverns_Floating_BridgeNE8Out,XelNaga_Caverns_Floating_BridgeNE8Out
XelNaga_Caverns_Floating_BridgeNE8,XelNaga_Caverns_Floating_BridgeNE8
XelNaga_Caverns_Floating_BridgeNW8Out,XelNaga_Caverns_Floating_BridgeNW8Out
XelNaga_Caverns_Floating_BridgeNW8,XelNaga_Caverns_Floating_BridgeNW8
XelNaga_Caverns_Floating_BridgeNE10Out,XelNaga_Caverns_Floating_BridgeNE10Out
XelNaga_Caverns_Floating_BridgeNE10,XelNaga_Caverns_Floating_BridgeNE10
XelNaga_Caverns_Floating_BridgeNW10Out,XelNaga_Caverns_Floating_BridgeNW10Out
XelNaga_Caverns_Floating_BridgeNW10,XelNaga_Caverns_Floating_BridgeNW10
XelNaga_Caverns_Floating_BridgeNE12Out,XelNaga_Caverns_Floating_BridgeNE12Out
XelNaga_Caverns_Floating_BridgeNE12,XelNaga_Caverns_Floating_BridgeNE12
XelNaga_Caverns_Floating_BridgeNW12Out,XelNaga_Caverns_Floating_BridgeNW12Out
XelNaga_Caverns_Floating_BridgeNW12,XelNaga_Caverns_Floating_BridgeNW12
XelNaga_Caverns_Floating_BridgeH8Out,XelNaga_Caverns_Floating_BridgeH8Out
XelNaga_Caverns_Floating_BridgeH8,XelNaga_Caverns_Floating_BridgeH8
XelNaga_Caverns_Floating_BridgeV8Out,XelNaga_Caverns_Floating_BridgeV8Out
XelNaga_Caverns_Floating_BridgeV8,XelNaga_Caverns_Floating_BridgeV8
XelNaga_Caverns_Floating_BridgeH10Out,XelNaga_Caverns_Floating_BridgeH10Out
XelNaga_Caverns_Floating_BridgeH10,XelNaga_Caverns_Floating_BridgeH10
XelNaga_Caverns_Floating_BridgeV10Out,XelNaga_Caverns_Floating_BridgeV10Out
XelNaga_Caverns_Floating_BridgeV10,XelNaga_Caverns_Floating_BridgeV10
XelNaga_Caverns_Floating_BridgeH12Out,XelNaga_Caverns_Floating_BridgeH12Out
XelNaga_Caverns_Floating_BridgeH12,XelNaga_Caverns_Floating_BridgeH12
XelNaga_Caverns_Floating_BridgeV12Out,XelNaga_Caverns_Floating_BridgeV12Out
XelNaga_Caverns_Floating_BridgeV12,XelNaga_Caverns_Floating_BridgeV12
CausticSpray,CausticSpray
OracleCloakingFieldTargeted,OracleCloakingFieldTargeted
ImmortalOverload,ImmortalOverload
MorphToRavager,MorphToRavager,Cancel
MorphToLurker,MorphToLurker,Cancel
OraclePhaseShift,OraclePhaseShift
ReleaseInterceptors,ReleaseInterceptors
RavagerCorrosiveBile,RavagerCorrosiveBile
BurrowRavagerDown,BurrowRavagerDown
BurrowRavagerUp,BurrowRavagerUp
PurificationNova,PurificationNova
Impale,Impale
LockOn,LockOn
LockOnCancel,LockOnCancel
CorruptionBomb,CorruptionBomb
Hyperjump,Hyperjump
Overcharge,Overcharge
ThorAPMode,ThorAPMode
ThorNormalMode,ThorNormalMode,Cancel
NydusWormTransport,NydusWormTransport,UnloadAll
VoidSwarmHostSpawnLocust,VoidSwarmHostSpawnLocust
LocustMPFlyingMorphToGround,LocustMPFlyingMorphToGround
LocustMPMorphToAir,LocustMPMorphToAir
LocustMPFlyingSwoop,LocustMPFlyingSwoop
HallucinationDisruptor,HallucinationDisruptor
HallucinationAdept,HallucinationAdept
AiurTempleBridgeNE8Out,AiurTempleBridgeNE8Out
AiurTempleBridgeNE8,AiurTempleBridgeNE8
AiurTempleBridgeNE10Out,AiurTempleBridgeNE10Out
AiurTempleBridgeNE10,AiurTempleBridgeNE10
AiurTempleBridgeNE12Out,AiurTempleBridgeNE12Out
AiurTempleBridgeNE12,AiurTempleBridgeNE12
AiurTempleBridgeNW8Out,AiurTempleBridgeNW8Out
AiurTempleBridgeNW8,AiurTempleBridgeNW8
AiurTempleBridgeNW10Out,AiurTempleBridgeNW10Out
AiurTempleBridgeNW10,AiurTempleBridgeNW10
AiurTempleBridgeNW12Out,AiurTempleBridgeNW12Out
AiurTempleBridgeNW12,AiurTempleBridgeNW12
VoidMPImmortalReviveRebuild,VoidMPImmortalReviveRebuild
VoidMPImmortalReviveDeath,VoidMPImmortalReviveDeath
ArbiterMPStasisField,ArbiterMPStasisField
ArbiterMPRecall,ArbiterMPRecall
CorsairMPDisruptionWeb,CorsairMPDisruptionWeb
MorphToGuardianMP,MorphToGuardianMP,Cancel
MorphToDevourerMP,MorphToDevourerMP,Cancel
DefilerMPConsume,DefilerMPConsume
DefilerMPDarkSwarm,DefilerMPDarkSwarm
DefilerMPPlague,DefilerMPPlague
DefilerMPBurrow,DefilerMPBurrow
DefilerMPUnburrow,DefilerMPUnburrow
QueenMPEnsnare,QueenMPEnsnare
QueenMPSpawnBroodlings,QueenMPSpawnBroodlings
QueenMPInfestCommandCenter,QueenMPInfestCommandCenter
LightningBomb,LightningBomb
Grapple,Grapple
OracleStasisTrap,OracleStasisTrap
OracleStasisTrapBuild,OracleStasisTrapBuild
OracleStasisTrapActivate,OracleStasisTrapActivate
SelfRepair,SelfRepair
ParasiticBomb,ParasiticBomb
AdeptPhaseShift,AdeptPhaseShift
PurificationNovaMorph,PurificationNovaMorph
PurificationNovaMorphBack,PurificationNovaMorphBack
LurkerHoldFire,LurkerHoldFire
LurkerRemoveHoldFire,LurkerRemoveHoldFire
LiberatorMorphtoAG,LiberatorMorphtoAG
LiberatorMorphtoAA,LiberatorMorphtoAA
LiberatorAGTarget,LiberatorAGTarget
LiberatorAATarget,LiberatorAATarget
TimeStop,TimeStop
KD8Charge,KD8Charge
AdeptPhaseShiftCancel,AdeptPhaseShiftCancel
AdeptShadePhaseShiftCancel,AdeptShadePhaseShiftCancel
LaunchInterceptors,LaunchInterceptors
SpawnLocustsTargeted,SpawnLocustsTargeted
LocustMPFlyingSwoopAttack,LocustMPFlyingSwoopAttack
MorphToTransportOverlord,MorphToTransportOverlord,Cancel
BypassArmor,BypassArmor
BypassArmorDroneCU,BypassArmorDroneCU
ChannelSnipe,ChannelSnipe
LockOnAir,LockOnAir
PurificationNovaTargetted,PurificationNovaTargetted
SnowRefinery_Terran_ExtendingBridgeNEShort8Out,SnowRefinery_Terran_ExtendingBridgeNEShort8Out
SnowRefinery_Terran_ExtendingBridgeNEShort8,SnowRefinery_Terran_ExtendingBridgeNEShort8
SnowRefinery_Terran_ExtendingBridgeNWShort8Out,SnowRefinery_Terran_ExtendingBridgeNWShort8Out
SnowRefinery_Terran_ExtendingBridgeNWShort8,SnowRefinery_Terran_ExtendingBridgeNWShort8
PurificationNovaTargeted,PurificationNovaTargeted
AiurLightBridgeNE8Out,AiurLightBridgeNE8Out
AiurLightBridgeNE8,AiurLightBridgeNE8
AiurLightBridgeNE10Out,AiurLightBridgeNE10Out
AiurLightBridgeNE10,AiurLightBridgeNE10
AiurLightBridgeNE12Out,AiurLightBridgeNE12Out
AiurLightBridgeNE12,AiurLightBridgeNE12
AiurLightBridgeNW8Out,AiurLightBridgeNW8Out
AiurLightBridgeNW8,AiurLightBridgeNW8
AiurLightBridgeNW10Out,AiurLightBridgeNW10Out
AiurLightBridgeNW10,AiurLightBridgeNW10
AiurLightBridgeNW12Out,AiurLightBridgeNW12Out
AiurLightBridgeNW12,AiurLightBridgeNW12
ShakurasLightBridgeNE8Out,ShakurasLightBridgeNE8Out
ShakurasLightBridgeNE8,ShakurasLightBridgeNE8
ShakurasLightBridgeNE10Out,ShakurasLightBridgeNE10Out
ShakurasLightBridgeNE10,ShakurasLightBridgeNE10
ShakurasLightBridgeNE12Out,ShakurasLightBridgeNE12Out
ShakurasLightBridgeNE12,ShakurasLightBridgeNE12
ShakurasLightBridgeNW8Out,ShakurasLightBridgeNW8Out
ShakurasLightBridgeNW8,ShakurasLightBridgeNW8
ShakurasLightBridgeNW10Out,ShakurasLightBridgeNW10Out
ShakurasLightBridgeNW10,ShakurasLightBridgeNW10
ShakurasLightBridgeNW12Out,ShakurasLightBridgeNW12Out
ShakurasLightBridgeNW12,ShakurasLightBridgeNW12
AiurLightBridgeAbandonedNE8Out,AiurLightBridgeAbandonedNE8Out
AiurLightBridgeAbandonedNE8,AiurLightBridgeAbandonedNE8
AiurLightBridgeAbandonedNE10Out,AiurLightBridgeAbandonedNE10Out
AiurLightBridgeAbandonedNE10,AiurLightBridgeAbandonedNE10
AiurLightBridgeAbandonedNE12Out,AiurLightBridgeAbandonedNE12Out
AiurLightBridgeAbandonedNE12,AiurLightBridgeAbandonedNE12
AiurLightBridgeAbandonedNW8Out,AiurLightBridgeAbandonedNW8Out
AiurLightBridgeAbandonedNW8,AiurLightBridgeAbandonedNW8
AiurLightBridgeAbandonedNW10Out,AiurLightBridgeAbandonedNW10Out
AiurLightBridgeAbandonedNW10,AiurLightBridgeAbandonedNW10
AiurLightBridgeAbandonedNW12Out,AiurLightBridgeAbandonedNW12Out
AiurLightBridgeAbandonedNW12,AiurLightBridgeAbandonedNW12
SlaynElementalGrab,SlaynElementalGrab
PowerSourceFast,PowerSourceFast
WidowMineArmed,WidowMineArmed
IsTransportOverlord,IsTransportOverlord
ActivateStasisWard,ActivateStasisWard
AdeptPiercingUpgrade,AdeptPiercingUpgrade
BurrowedMove,BurrowedMove
CliffWalk,CliffWalk
CloakingField,CloakingField
CombatDrugs,CombatDrugs
ConcussiveGrenade,ConcussiveGrenade
CycloneLockOnDamageUpgrade,CycloneLockOnDamageUpgrade
Detector,Detector
Disguise,Disguise
ExplosiveShrapnelShells,ExplosiveShrapnelShells
FlyingLocusts,FlyingLocusts
Frenzied,Frenzied
GravitonCatapult,GravitonCatapult
HighCapacityFuelTanks,HighCapacityFuelTanks
ImprovedEnergy,ImprovedEnergy
JetPack,JetPack
LiberatorAGRangeUpgrade,LiberatorAGRangeUpgrade
MutaliskRegeneration,MutaliskRegeneration
PermanentlyCloaked,PermanentlyCloaked
PermanentlyCloakedObserver,PermanentlyCloakedObserver
PermanentlyCloakedStasis,PermanentlyCloakedStasis
PointDefense,PointDefense
RadarField,RadarField
RapidRegeneration,RapidRegeneration
SwarmSeeds,SwarmSeeds
WidowMineBioSplash,WidowMineBioSplash
SprayTerran,SprayTerran
SprayZerg,SprayZerg
SprayProtoss,SprayProtoss
PortCity_Bridge_UnitNE8Out,PortCity_Bridge_UnitNE8Out
PortCity_Bridge_UnitNE8,PortCity_Bridge_UnitNE8
PortCity_Bridge_UnitSE8Out,PortCity_Bridge_UnitSE8Out
PortCity_Bridge_UnitSE8,PortCity_Bridge_UnitSE8
PortCity_Bridge_UnitNW8Out,PortCity_Bridge_UnitNW8Out
PortCity_Bridge_UnitNW8,PortCity_Bridge_UnitNW8
PortCity_Bridge_UnitSW8Out,PortCity_Bridge_UnitSW8Out
PortCity_Bridge_UnitSW8,PortCity_Bridge_UnitSW8
PortCity_Bridge_UnitNE10Out,PortCity_Bridge_UnitNE10Out
PortCity_Bridge_UnitNE10,PortCity_Bridge_UnitNE10
PortCity_Bridge_UnitSE10Out,PortCity_Bridge_UnitSE10Out
PortCity_Bridge_UnitSE10,PortCity_Bridge_UnitSE10
PortCity_Bridge_UnitNW10Out,PortCity_Bridge_UnitNW10Out
PortCity_Bridge_UnitNW10,PortCity_Bridge_UnitNW10
PortCity_Bridge_UnitSW10Out,PortCity_Bridge_UnitSW10Out
PortCity_Bridge_UnitSW10,PortCity_Bridge_UnitSW10
PortCity_Bridge_UnitNE12Out,PortCity_Bridge_UnitNE12Out
PortCity_Bridge_UnitNE12,PortCity_Bridge_UnitNE12
PortCity_Bridge_UnitSE12Out,PortCity_Bridge_UnitSE12Out
PortCity_Bridge_UnitSE12,PortCity_Bridge_UnitSE12
PortCity_Bridge_UnitNW12Out,PortCity_Bridge_UnitNW12Out
PortCity_Bridge_UnitNW12,PortCity_Bridge_UnitNW12
PortCity_Bridge_UnitSW12Out,PortCity_Bridge_UnitSW12Out
PortCity_Bridge_UnitSW12,PortCity_Bridge_UnitSW12
PortCity_Bridge_UnitN8Out,PortCity_Bridge_UnitN8Out
PortCity_Bridge_UnitN8,PortCity_Bridge_UnitN8
PortCity_Bridge_UnitS8Out,PortCity_Bridge_UnitS8Out
PortCity_Bridge_UnitS8,PortCity_Bridge_UnitS8
PortCity_Bridge_UnitE8Out,PortCity_Bridge_UnitE8Out
PortCity_Bridge_UnitE8,PortCity_Bridge_UnitE8
PortCity_Bridge_UnitW8Out,PortCity_Bridge_UnitW8Out
PortCity_Bridge_UnitW8,PortCity_Bridge_UnitW8
PortCity_Bridge_UnitN10Out,PortCity_Bridge_UnitN10Out
PortCity_Bridge_UnitN10,PortCity_Bridge_UnitN10
PortCity_Bridge_UnitS10Out,PortCity_Bridge_UnitS10Out
PortCity_Bridge_UnitS10,PortCity_Bridge_UnitS10
PortCity_Bridge_UnitE10Out,PortCity_Bridge_UnitE10Out
PortCity_Bridge_UnitE10,PortCity_Bridge_UnitE10
PortCity_Bridge_UnitW10Out,PortCity_Bridge_UnitW10Out
PortCity_Bridge_UnitW10,PortCity_Bridge_UnitW10
PortCity_Bridge_UnitN12Out,PortCity_Bridge_UnitN12Out
PortCity_Bridge_UnitN12,PortCity_Bridge_UnitN12
PortCity_Bridge_UnitS12Out,PortCity_Bridge_UnitS12Out
PortCity_Bridge_UnitS12,PortCity_Bridge_UnitS12
PortCity_Bridge_UnitE12Out,PortCity_Bridge_UnitE12Out
PortCity_Bridge_UnitE12,PortCity_Bridge_UnitE12
PortCity_Bridge_UnitW12Out,PortCity_Bridge_UnitW12Out
PortCity_Bridge_UnitW12,PortCity_Bridge_UnitW12
CarrierLaunchSpeedUpgrade,CarrierLaunchSpeedUpgrade
PhoenixRangeUpgrade,PhoenixRangeUpgrade
Baneling,Baneling
GlialReconstitution,GlialReconstitution
TunnelingClaws,TunnelingClaws
ChitinousPlating,ChitinousPlating
Armory,Armory
Barracks,Barracks
Bunker,Bunker
CommandCenter,CommandCenter
EngineeringBay,EngineeringBay
Factory,Factory
FusionCore,FusionCore
GhostAcademy,GhostAcademy
MissileTurret,MissileTurret
Refinery,Refinery
SensorTower,SensorTower
Starport,Starport
SupplyDepot,SupplyDepot
BarracksReactor,BarracksReactor
BarracksTechLab,BarracksTechLab
FactoryReactor,FactoryReactor
FactoryTechLab,FactoryTechLab
StarportReactor,StarportReactor
StarportTechLab,StarportTechLab
SCV,SCV
Ghost,Ghost
Marauder,Marauder
Marine,Marine
Reaper,Reaper
Cyclone,Cyclone
Hellion,Hellion
HellionTank,HellionTank
SiegeTank,SiegeTank
Thor,Thor
WidowMine,WidowMine
Banshee,Banshee
Battlecruiser,Battlecruiser
Liberator,Liberator
Medivac,Medivac
Raven,Raven
VikingFighter,VikingFighter
HiSecAutoTracking,HiSecAutoTracking
NeosteelFrame,NeosteelFrame
TerranBuildingArmor,TerranBuildingArmor
TerranInfantryArmorsLevel1,TerranInfantryArmorsLevel1
TerranInfantryArmorsLevel2,TerranInfantryArmorsLevel2
TerranInfantryArmorsLevel3,TerranInfantryArmorsLevel3
TerranInfantryWeaponsLevel1,TerranInfantryWeaponsLevel1
TerranInfantryWeaponsLevel2,TerranInfantryWeaponsLevel2
TerranInfantryWeaponsLevel3,TerranInfantryWeaponsLevel3
Nuke,Nuke
PunisherGrenades,PunisherGrenades
ShieldWall,ShieldWall
DrillClaws,DrillClaws
HighCapacityBarrels,HighCapacityBarrels
BansheeSpeed,BansheeSpeed
MedivacIncreaseSpeedBoost,MedivacIncreaseSpeedBoost
RavenCorvidReactor,RavenCorvidReactor
RavenRecalibratedExplosives,RavenRecalibratedExplosives
PersonalCloaking,PersonalCloaking
TerranShipWeaponsLevel1,TerranShipWeaponsLevel1
TerranShipWeaponsLevel2,TerranShipWeaponsLevel2
TerranShipWeaponsLevel3,TerranShipWeaponsLevel3
TerranVehicleAndShipArmorsLevel1,TerranVehicleAndShipArmorsLevel1
TerranVehicleAndShipArmorsLevel2,TerranVehicleAndShipArmorsLevel2
TerranVehicleAndShipArmorsLevel3,TerranVehicleAndShipArmorsLevel3
TerranVehicleWeaponsLevel1,TerranVehicleWeaponsLevel1
TerranVehicleWeaponsLevel2,TerranVehicleWeaponsLevel2
TerranVehicleWeaponsLevel3,TerranVehicleWeaponsLevel3
Assimilator,Assimilator
CyberneticsCore,CyberneticsCore
DarkShrine,DarkShrine
FleetBeacon,FleetBeacon
Forge,Forge
Gateway,Gateway
Nexus,Nexus
PhotonCannon,PhotonCannon
Pylon,Pylon
RoboticsBay,RoboticsBay
RoboticsFacility,RoboticsFacility
Stargate,Stargate
TemplarArchive,TemplarArchive
TwilightCouncil,TwilightCouncil
Adept,Adept
DarkTemplar,DarkTemplar
HighTemplar,HighTemplar
Sentry,Sentry
Stalker,Stalker
Zealot,Zealot
Carrier,Carrier
Oracle,Oracle
Phoenix,Phoenix
Tempest,Tempest
VoidRay,VoidRay
Colossus,Colossus
Disruptor,Disruptor
Immortal,Immortal
Observer,Observer
WarpPrism,WarpPrism
Probe,Probe
Interceptor,Interceptor
ProtossGroundArmorsLevel1,ProtossGroundArmorsLevel1
ProtossGroundArmorsLevel2,ProtossGroundArmorsLevel2
ProtossGroundArmorsLevel3,ProtossGroundArmorsLevel3
ProtossGroundWeaponsLevel1,ProtossGroundWeaponsLevel1
ProtossGroundWeaponsLevel2,ProtossGroundWeaponsLevel2
ProtossGroundWeaponsLevel3,ProtossGroundWeaponsLevel3
ProtossShieldsLevel1,ProtossShieldsLevel1
ProtossShieldsLevel2,ProtossShieldsLevel2
ProtossShieldsLevel3,ProtossShieldsLevel3
ExtendedThermalLance,ExtendedThermalLance
GraviticDrive,GraviticDrive
ObserverGraviticBooster,ObserverGraviticBooster
PsiStormTech,PsiStormTech
BanelingNest,BanelingNest
EvolutionChamber,EvolutionChamber
Extractor,Extractor
Hatchery,Hatchery
HydraliskDen,HydraliskDen
InfestationPit,InfestationPit
NydusNetwork,NydusNetwork
RoachWarren,RoachWarren
SpawningPool,SpawningPool
SpineCrawler,SpineCrawler
Spire,Spire
SporeCrawler,SporeCrawler
UltraliskCavern,UltraliskCavern
ZergGroundArmorsLevel1,ZergGroundArmorsLevel1
ZergGroundArmorsLevel2,ZergGroundArmorsLevel2
ZergGroundArmorsLevel3,ZergGroundArmorsLevel3
ZergMeleeWeaponsLevel1,ZergMeleeWeaponsLevel1
ZergMeleeWeaponsLevel2,ZergMeleeWeaponsLevel2
ZergMeleeWeaponsLevel3,ZergMeleeWeaponsLevel3
ZergMissileWeaponsLevel1,ZergMissileWeaponsLevel1
ZergMissileWeaponsLevel2,ZergMissileWeaponsLevel2
ZergMissileWeaponsLevel3,ZergMissileWeaponsLevel3
Burrow,Burrow
overlordspeed,overlordspeed
zerglingattackspeed,zerglingattackspeed
zerglingmovementspeed,zerglingmovementspeed
EvolveMuscularAugments,EvolveMuscularAugments
ZergFlyerArmorsLevel1,ZergFlyerArmorsLevel1
ZergFlyerArmorsLevel2,ZergFlyerArmorsLevel2
ZergFlyerArmorsLevel3,ZergFlyerArmorsLevel3
ZergFlyerWeaponsLevel1,ZergFlyerWeaponsLevel1
ZergFlyerWeaponsLevel2,ZergFlyerWeaponsLevel2
ZergFlyerWeaponsLevel3,ZergFlyerWeaponsLevel3
Corruptor,Corruptor
Drone,Drone
Hydralisk,Hydralisk
Infestor,Infestor
Mutalisk,Mutalisk
Overlord,Overlord
Roach,Roach
SwarmHostMP,SwarmHostMP
Ultralisk,Ultralisk
Viper,Viper
Zergling,Zergling
InfestorEnergyUpgrade,InfestorEnergyUpgrade
CentrificalHooks,CentrificalHooks
BattlecruiserEnableSpecializations,BattlecruiserEnableSpecializations
ProtossAirArmorsLevel1,ProtossAirArmorsLevel1
ProtossAirArmorsLevel2,ProtossAirArmorsLevel2
ProtossAirArmorsLevel3,ProtossAirArmorsLevel3
ProtossAirWeaponsLevel1,ProtossAirWeaponsLevel1
ProtossAirWeaponsLevel2,ProtossAirWeaponsLevel2
ProtossAirWeaponsLevel3,ProtossAirWeaponsLevel3
WarpGateResearch,WarpGateResearch
AdeptPiercingAttack,AdeptPiercingAttack
BlinkTech,BlinkTech
Queen,Queen
CreepTumorQueen,CreepTumorQueen
CreepTumor,CreepTumor
NydusCanal,NydusCanal
MothershipCore,MothershipCore
DarkTemplarBlink,DarkTemplarBlink
DarkTemplarBlinkUpgrade,DarkTemplarBlinkUpgrade
CarrierTrain,TrainInterceptor
PlanetaryFortressTrain,TrainSCV
LurkerDenMPResearch,ResearchDiggingClaws,ResearchEvolveMuscularAugments
FactoryBuild,BuildFactoryTechLab,BuildFactoryReactor
LairTrain,TrainQueen
HiveTrain,TrainQueen
OrbitalCommandTrain,TrainSCV
HatcheryTrain,TrainQueen
StarportBuild,BuildStarportTechLab,BuildStarportReactor
BarracksBuild,BuildBarracksTechLab,BuildBarracksReactor
FactoryFlyingBuild,BuildFactoryTechLab,BuildFactoryReactor
StarportFlyingBuild,BuildStarportTechLab,BuildStarportReactor
GhostAcademyTrain,TrainNuke
EvolutionChamberResearch,ResearchZergMeleeWeaponsLevel1,ResearchZergMeleeWeaponsLevel2,ResearchZergMeleeWeaponsLevel3,ResearchZergGroundArmorsLevel1,ResearchZergGroundArmorsLevel2,ResearchZergGroundArmorsLevel3,ResearchZergMissileWeaponsLevel1,ResearchZergMissileWeaponsLevel2,ResearchZergMissileWeaponsLevel3
HiveResearch,,Researchoverlordspeed,,ResearchBurrow
OracleBuild,BuildOracleStasisTrap
GreaterSpireResearch,ResearchZergFlyerWeaponsLevel1,ResearchZergFlyerWeaponsLevel2,ResearchZergFlyerWeaponsLevel3,ResearchZergFlyerArmorsLevel1,ResearchZergFlyerArmorsLevel2,ResearchZergFlyerArmorsLevel3
DarkShrineResearch,ResearchDarkTemplarBlinkUpgrade
CreepTumorBurrowedBuild,BuildCreepTumor
TemplarArchiveResearch,,,,,ResearchPsiStormTech
VoidRaySwarmDamageBoostCancel,VoidRaySwarmDamageBoostCancel
ZerglingTrain,TrainBaneling
HatcheryResearch,,Researchoverlordspeed,,ResearchBurrow
BarracksFlyingBuild,BuildBarracksTechLab,BuildBarracksReactor
NydusNetworkBuild,BuildNydusCanal
RavenShredderMissile,RavenShredderMissile
RavenRepairDrone,RavenRepairDrone
ObserverSiegeMorphtoObserver,ObserverSiegeMorphtoObserver
OverseerMorphtoOverseerSiegeMode,OverseerMorphtoOverseerSiegeMode
RavenScramblerMissile,RavenScramblerMissile
ShieldBatteryRechargeChanneled,ShieldBatteryRechargeChanneled
OverseerSiegeModeMorphtoOverseer,OverseerSiegeModeMorphtoOverseer
ChronoBoostEnergyCost,ChronoBoostEnergyCost
ObserverMorphtoObserverSiege,ObserverMorphtoObserverSiege
RavenRepairDroneHeal,RavenRepairDroneHeal
NexusMassRecall,NexusMassRecall
OverlordSingleTransport,Load,,UnloadAt
ParasiticBombRelayDodge,ParasiticBombRelayDodge
ViperParasiticBombRelay,ViperParasiticBombRelay
BattlecruiserStop,Stop
BattlecruiserAttack,BattlecruiserAttack
BattlecruiserMove,Move,Patrol,HoldPos
AmorphousArmorcloud,AmorphousArmorcloud
BatteryOvercharge,BatteryOvercharge
